[
  {
    "block": "minecraft:piston",
    "message": "一个强大的存在阻止了你放置这个方块！",
    "biome": ["Abyssal Rift"],
    "result": "deny"
  },
  {
    "block": "minecraft:dragon_egg",
    "message": "一个强大的存在阻止了你放置这个方块！",
    "biome": ["Abyssal Rift"],
    "result": "deny"
  },
  {
    "block": "minecraft:sticky_piston",
    "message": "一个强大的存在阻止了你放置这个方块！",
    "biome": ["Abyssal Rift"],
    "result": "deny"
  },
  {
    "block": "waystones:waystone",
    "message": "一个强大的存在阻止了你放置这个方块！",
    "biome": ["Abyssal Rift"],
    "result": "deny"
  }
]
